{
	"resolution":[
		16,
		16,
		16
	],
	"bbox_min":[
		-8.188160400000001,
		-8.1891912,
		-1.0
	],
	"bbox_max":[
		8.188160400000001,
		8.1891912,
		1.1e1
	]
}