{
	"resolution":[
		64,
		64,
		64
	],
	"bbox_min":[
		-7.182511901855469,
		-7.181287956237793,
		-8.0
	],
	"bbox_max":[
		7.182511901855469,
		7.181287956237793,
		8.0
	]
}