{
	"resolution":[
		16,
		16,
		16
	],
	"bbox_min":[
		-2.0,
		-4.498334213835188,
		-2.8270029067993168
	],
	"bbox_max":[
		2.2e1,
		4.950165881214198e1,
		3.1097031974792483e1
	]
}