{
	"resolution":[
		16,
		16,
		16
	],
	"bbox_min":[
		-2.39986691e1,
		-2.3998734e1,
		-1.20639615e1
	],
	"bbox_max":[
		2.3998728099999997e1,
		2.3998734e1,
		1.27035765e1
	]
}