{
	"resolution":[
		64,
		64,
		64
	],
	"bbox_min":[
		-1.065920557975769e1,
		2.9215745449066164,
		-1.238838338851929
	],
	"bbox_max":[
		1.2585531296730043e2,
		4.492156939506531e1,
		7.049496808052064e1
	]
}