{
	"resolution":[
		16,
		16,
		16
	],
	"bbox_min":[
		-6.55520580291748e1,
		-9.681194915771485e1,
		-1.1706963348388673e2
	],
	"bbox_max":[
		1.1359786109924316e2,
		9.472184600830079e1,
		6.983792877197266e1
	]
}