{
	"resolution":[
		16,
		16,
		16
	],
	"bbox_min":[
		-3.6000000000000005,
		-3.6000000000000005,
		-6.0
	],
	"bbox_max":[
		3.6000000000000005,
		3.6000000000000005,
		6.0
	]
}