{
	"resolution":[
		16,
		16,
		16
	],
	"bbox_min":[
		-1.550761184692383e1,
		-1.2119409561157227e1,
		-1.6641486823558809
	],
	"bbox_max":[
		1.550761184692383e1,
		1.2529310226440431e1,
		1.700453310608864e1
	]
}