{
	"resolution":[
		16,
		64,
        8
	],
	"bbox_min":[
		-2.146018,
		-9.755030000000001,
		-0.4
	],
	"bbox_max":[
		6.1339820000000005,
		9.44497,
		4.4
	]
}
