{
	"resolution":[
		64,
		64,
		64
	],
	"bbox_min":[
		-2.0754640000000006e1,
		-2.08035301e1,
		-1.4825450000000002e1
	],
	"bbox_max":[
		2.086784e1,
		2.0769631100000005e1,
		1.484635e1
	]
}