{
	"resolution":[
		16,
		16,
		16
	],
	"bbox_min":[
		-0.1142586,
		-9.17367e-2,
		-0.10048210000000002
	],
	"bbox_max":[
		9.45966e-2,
		-9.612299999999999e-3,
		9.04871e-2
	]
}