{
	"resolution":[
		16,
		16,
		16
	],
	"bbox_min":[
		-5.182511901855469,
		-5.181287956237793,
		-6.0
	],
	"bbox_max":[
		5.182511901855469,
		5.181287956237793,
		6.0
	]
}