{
	"resolution":[
		16,
		16,
		16
	],
	"bbox_min":[
		-6.0,
		-5.9963448,
		-2.1994215
	],
	"bbox_max":[
		6.0,
		5.9963448,
		2.4193636500000004e1
	]
}