{
	"resolution":[
		16,
		16,
		16
	],
	"bbox_min":[
		-2.550761184692383e1,
		-2.2119409561157227e1,
		-2.6641486823558809
	],
	"bbox_max":[
		2.550761184692383e1,
		2.2529310226440431e1,
		2.700453310608864e1
	]
}
