{
	"resolution":[
		64,
		64,
		64
	],
	"bbox_min":[
		-1.535852394104004e1,
		-1.622901649475098e1,
		-1.132524013519287
	],
	"bbox_max":[
		1.535852394104004e1,
		1.622901649475098e1,
		1.245776414871216e1
	]
}