{
	"resolution":[
		16,
		16,
		16
	],
	"bbox_min":[
		-5.61058994293213e1,
		-6.897283625602722,
		-8.663871688842775e1
	],
	"bbox_max":[
		1.23894095993042e2,
		5.063143141269684e1,
		-5.665795211791993e1
	]
}